{"stats":{"minecraft:killed_by":{"jujutsucraft:sukuna_fushiguro":3,"jujutsucraft:jujutsu_sorcerer":1},"minecraft:mined":{"minecraft:grass":1,"minecraft:grass_block":13,"minecraft:white_stained_glass_pane":1,"minecraft:dirt":2},"minecraft:dropped":{"minecraft:dirt":15,"minecraft:wheat_seeds":1},"minecraft:picked_up":{"minecraft:wheat_seeds":1,"minecraft:dirt":15},"minecraft:custom":{"minecraft:time_since_rest":451,"minecraft:crouch_one_cm":582,"minecraft:sprint_one_cm":27350,"minecraft:play_time":8219,"minecraft:damage_taken":2007,"minecraft:deaths":5,"minecraft:walk_one_cm":38631,"minecraft:sneak_time":178,"minecraft:trigger_trapped_chest":1,"minecraft:mob_kills":1,"minecraft:drop":2,"minecraft:damage_dealt_resisted":89,"minecraft:jump":187,"minecraft:damage_dealt":21,"minecraft:leave_game":2,"minecraft:time_since_death":0,"minecraft:climb_one_cm":512,"minecraft:total_world_time":8219,"minecraft:fall_one_cm":2515,"minecraft:fly_one_cm":113583}},"DataVersion":3465}